Workbook

Sheet не нормалізована таблиця
A1: student_id | B1: student_name | C1: student_email | D1: course_id | E1: course_name | F1: instructor_1_name | G1: instructor_1_email | H1: instructor_2_name | I1: instructor_2_email | J1: class_date | K1: homework_id | L1: homework_description | M1: grade
A2: 1 | B2: Alice Smith | C2: alice@example.com | D2: 101 | E2: SQL Fundamentals | F2: Mr. Johnson | G2: Johnson@example.com | H2: Ms. Bardugo | I2: Bardugo@example.com | J2: 45200 | K2: 201 | L2: Basic SELECT queries | M2: 85
A3: 2 | B3: Bob Brown | C3: bob@example.com | D3: 101 | E3: SQL Fundamentals | F3: Mr. Johnson | G3: Johnson@example.com | H3: Ms. Bardugo | I3: Bardugo@example.com | J3: 45200 | K3: 201 | L3: Basic SELECT queries | M3: 90
A4: 1 | B4: Alice Smith | C4: alice@example.com | D4: 102 | E4: Python Basics | F4: Ms. Lee | G4: Lee@example.com | J4: 45202 | K4: 202 | L4: Intro to Python | M4: 88.2
A5: 3 | B5: Clara Green | C5: clara@example.com | D5: 101 | E5: SQL Fundamentals | F5: Mr. Johnson | G5: Johnson@example.com | H5: Ms. Bardugo | I5: Bardugo@example.com | J5: 45200 | K5: 201 | L5: Basic SELECT queries | M5: 92
A6: 2 | B6: Bob Brown | C6: bob@example.com | D6: 102 | E6: Python Basics | F6: Ms. Lee | G6: Lee@example.com | J6: 45202 | K6: 203 | L6: Variables and data types | M6: 87
A7: 1 | B7: Alice Smith | C7: alice@example.com | D7: 101 | E7: SQL Fundamentals | F7: Mr. Johnson | G7: Johnson@example.com | H7: Ms. Bardugo | I7: Bardugo@example.com | J7: 45204 | K7: #204 | L7: JOIN operations | M7: 80
A8: 3 | B8: Clara Green | C8: clara@example.com | D8: 102 | E8: Python Basics | F8: Ms. Lee | G8: Lee@example.com | J8: 45202 | K8: 202 | L8: Intro to Python | M8: 91

Sheet 1NF
A1: student_id | B1: student_name | C1: student_email | D1: course_id | E1: course_name | F1: instructor_1_name | G1: instructor_1_email | H1: instructor_2_name | I1: instructor_2_email | J1: class_date | K1: homework_id | L1: homework_description | M1: grade
A2: 1 | B2: Alice Smith | C2: alice@example.com | D2: 101 | E2: SQL Fundamentals | F2: Mr. Johnson | G2: Johnson@example.com | H2: Ms. Bardugo | I2: Bardugo@example.com | J2: 45200 | K2: 201 | L2: Basic SELECT queries | M2: 85
A3: 2 | B3: Bob Brown | C3: bob@example.com | D3: 101 | E3: SQL Fundamentals | F3: Mr. Johnson | G3: Johnson@example.com | H3: Ms. Bardugo | I3: Bardugo@example.com | J3: 45200 | K3: 201 | L3: Basic SELECT queries | M3: 90
A4: 1 | B4: Alice Smith | C4: alice@example.com | D4: 102 | E4: Python Basics | F4: Ms. Lee | G4: Lee@example.com | J4: 45202 | K4: 202 | L4: Intro to Python | M4: 88.2
A5: 3 | B5: Clara Green | C5: clara@example.com | D5: 101 | E5: SQL Fundamentals | F5: Mr. Johnson | G5: Johnson@example.com | H5: Ms. Bardugo | I5: Bardugo@example.com | J5: 45200 | K5: 201 | L5: Basic SELECT queries | M5: 92
A6: 2 | B6: Bob Brown | C6: bob@example.com | D6: 102 | E6: Python Basics | F6: Ms. Lee | G6: Lee@example.com | J6: 45202 | K6: 203 | L6: Variables and data types | M6: 87
A7: 1 | B7: Alice Smith | C7: alice@example.com | D7: 101 | E7: SQL Fundamentals | F7: Mr. Johnson | G7: Johnson@example.com | H7: Ms. Bardugo | I7: Bardugo@example.com | J7: 45204 | K7: 204 | L7: JOIN operations | M7: 80
A8: 3 | B8: Clara Green | C8: clara@example.com | D8: 102 | E8: Python Basics | F8: Ms. Lee | G8: Lee@example.com | J8: 45202 | K8: 202 | L8: Intro to Python | M8: 91
A11: Зміни в таблиці:
A13: student_id | B13: student_name | C13: student_email | D13: course_id | E13: course_name | F13: instructor_1_name | G13: instructor_1_email | H13: instructor_2_name | I13: instructor_2_email | J13: class_date | K13: homework_id | L13: homework_description | M13: grade
A14: =A2='не нормалізована таблиця'!A2 -> TRUE | B14: =B2='не нормалізована таблиця'!B2 -> TRUE | C14: =C2='не нормалізована таблиця'!C2 -> TRUE | D14: =D2='не нормалізована таблиця'!D2 -> TRUE | E14: =E2='не нормалізована таблиця'!E2 -> TRUE | F14: =F2='не нормалізована таблиця'!F2 -> TRUE | G14: =G2='не нормалізована таблиця'!G2 -> TRUE | H14: =H2='не нормалізована таблиця'!H2 -> TRUE | ... M14: =M2='не нормалізована таблиця'!M2 -> TRUE
A15: =A3='не нормалізована таблиця'!A3 -> TRUE | B15: =B3='не нормалізована таблиця'!B3 -> TRUE | C15: =C3='не нормалізована таблиця'!C3 -> TRUE | D15: =D3='не нормалізована таблиця'!D3 -> TRUE | E15: =E3='не нормалізована таблиця'!E3 -> TRUE | F15: =F3='не нормалізована таблиця'!F3 -> TRUE | G15: =G3='не нормалізована таблиця'!G3 -> TRUE | H15: =H3='не нормалізована таблиця'!H3 -> TRUE | ... M15: =M3='не нормалізована таблиця'!M3 -> TRUE
A16: =A4='не нормалізована таблиця'!A4 -> TRUE | B16: =B4='не нормалізована таблиця'!B4 -> TRUE | C16: =C4='не нормалізована таблиця'!C4 -> TRUE | D16: =D4='не нормалізована таблиця'!D4 -> TRUE | E16: =E4='не нормалізована таблиця'!E4 -> TRUE | F16: =F4='не нормалізована таблиця'!F4 -> TRUE | G16: =G4='не нормалізована таблиця'!G4 -> TRUE | H16: =H4='не нормалізована таблиця'!H4 -> TRUE | ... M16: =M4='не нормалізована таблиця'!M4 -> FALSE
A17: =A5='не нормалізована таблиця'!A5 -> TRUE | B17: =B5='не нормалізована таблиця'!B5 -> TRUE | C17: =C5='не нормалізована таблиця'!C5 -> TRUE | D17: =D5='не нормалізована таблиця'!D5 -> TRUE | E17: =E5='не нормалізована таблиця'!E5 -> TRUE | F17: =F5='не нормалізована таблиця'!F5 -> TRUE | G17: =G5='не нормалізована таблиця'!G5 -> TRUE | H17: =H5='не нормалізована таблиця'!H5 -> TRUE | ... M17: =M5='не нормалізована таблиця'!M5 -> TRUE
A18: =A6='не нормалізована таблиця'!A6 -> TRUE | B18: =B6='не нормалізована таблиця'!B6 -> TRUE | C18: =C6='не нормалізована таблиця'!C6 -> TRUE | D18: =D6='не нормалізована таблиця'!D6 -> TRUE | E18: =E6='не нормалізована таблиця'!E6 -> TRUE | F18: =F6='не нормалізована таблиця'!F6 -> TRUE | G18: =G6='не нормалізована таблиця'!G6 -> TRUE | H18: =H6='не нормалізована таблиця'!H6 -> TRUE | ... M18: =M6='не нормалізована таблиця'!M6 -> TRUE
A19: =A7='не нормалізована таблиця'!A7 -> TRUE | B19: =B7='не нормалізована таблиця'!B7 -> TRUE | C19: =C7='не нормалізована таблиця'!C7 -> TRUE | D19: =D7='не нормалізована таблиця'!D7 -> TRUE | E19: =E7='не нормалізована таблиця'!E7 -> TRUE | F19: =F7='не нормалізована таблиця'!F7 -> TRUE | G19: =G7='не нормалізована таблиця'!G7 -> TRUE | H19: =H7='не нормалізована таблиця'!H7 -> TRUE | ... M19: =M7='не нормалізована таблиця'!M7 -> TRUE
A20: =A8='не нормалізована таблиця'!A8 -> TRUE | B20: =B8='не нормалізована таблиця'!B8 -> TRUE | C20: =C8='не нормалізована таблиця'!C8 -> TRUE | D20: =D8='не нормалізована таблиця'!D8 -> TRUE | E20: =E8='не нормалізована таблиця'!E8 -> TRUE | F20: =F8='не нормалізована таблиця'!F8 -> TRUE | G20: =G8='не нормалізована таблиця'!G8 -> TRUE | H20: =H8='не нормалізована таблиця'!H8 -> TRUE | ... M20: =M8='не нормалізована таблиця'!M8 -> TRUE
A22: Для стовпців homework_id та grade приведені всі значення до однакових типів даних - INT та FLOAT відповідно.
A23: Тепер кожен стовпець містить атомарні значення з однаковими типами, кожен рядок можна унікально ідентифікувати, а порядок рядків чи стовців не має значення.

Sheet 2NF
A1: student_id | B1: student_name | C1: student_email | D1: course_id | E1: course_name | F1: instructor_1_name | G1: instructor_1_email | H1: instructor_2_name | I1: instructor_2_email | J1: class_date | K1: homework_id | L1: homework_description | M1: grade
A2: 1 | B2: Alice Smith | C2: alice@example.com | D2: 101 | E2: SQL Fundamentals | F2: Mr. Johnson | G2: Johnson@example.com | H2: Ms. Bardugo | I2: Bardugo@example.com | J2: 45200 | K2: 201 | L2: Basic SELECT queries | M2: 85
A3: 2 | B3: Bob Brown | C3: bob@example.com | D3: 101 | E3: SQL Fundamentals | F3: Mr. Johnson | G3: Johnson@example.com | H3: Ms. Bardugo | I3: Bardugo@example.com | J3: 45200 | K3: 201 | L3: Basic SELECT queries | M3: 90
A4: 1 | B4: Alice Smith | C4: alice@example.com | D4: 102 | E4: Python Basics | F4: Ms. Lee | G4: Lee@example.com | J4: 45202 | K4: 202 | L4: Intro to Python | M4: 88.2
A5: 3 | B5: Clara Green | C5: clara@example.com | D5: 101 | E5: SQL Fundamentals | F5: Mr. Johnson | G5: Johnson@example.com | H5: Ms. Bardugo | I5: Bardugo@example.com | J5: 45200 | K5: 201 | L5: Basic SELECT queries | M5: 92
A6: 2 | B6: Bob Brown | C6: bob@example.com | D6: 102 | E6: Python Basics | F6: Ms. Lee | G6: Lee@example.com | J6: 45202 | K6: 203 | L6: Variables and data types | M6: 87
A7: 1 | B7: Alice Smith | C7: alice@example.com | D7: 101 | E7: SQL Fundamentals | F7: Mr. Johnson | G7: Johnson@example.com | H7: Ms. Bardugo | I7: Bardugo@example.com | J7: 45204 | K7: 204 | L7: JOIN operations | M7: 80
A8: 3 | B8: Clara Green | C8: clara@example.com | D8: 102 | E8: Python Basics | F8: Ms. Lee | G8: Lee@example.com | J8: 45202 | K8: 202 | L8: Intro to Python | M8: 91
D10: РК
G11: FK --> course_id --> Courses | J11: Виніс інформацію про студентів в окрему таблицю Students, оскільки student_name залежить тільки від student_id
A12: Один студент має багато email | C12: Students | G12: Course_Instructors | J12: e-mail в окрему таблицю, щоб усунути в основній дублювання резервних пошт студентів
A13: 1:N | C13: student_id | D13: student_name | G13: course_id | H13: instructor_email | I13: instructor_name | J13: курси в таблицю Cources, оскільки їх назва залежить тільки від ID
C14: 1 | D14: Alice Smith | G14: 101 | H14: Johnson@example.com | I14: Mr. Johnson | J14: для реалізації many-to-many створив таблицю відношень ID студентів до ID курсів
C15: 2 | D15: Bob Brown | E15: FK | G15: 101 | H15: Bardugo@example.com | I15: Ms. Bardugo | J15: окерма таблиця для викладачів, щоб уникнути дублювання основної таблиці при кількох викладачах курсів
A16: FK --> student_id --> Students | C16: 3 | D16: Clara Green | E16: student_id --> Students | G16: 102 | H16: Lee@example.com | I16: Ms. Lee | J16: окрема таблиця для оцінок, які залежать від id студента та id домашки
A17: у студента може бути кілька email | D17: 1:N | E17: course_id --> Courses | G17: many Couses <--> to many Course_Instructors
A18: Student_Emails | E18: Student_Courses | F18: M:N Students — Student_Courses — Courses | J18: Тепер кожен неключовий атрибут повністю залежить від усього первинного ключа, а не лише від його частини.
A19: student_id | B19: student_email | E19: student_id | F19: course_id | G19: 1:N (1 курс до багатьох викладачів) | H19: Courses
A20: 1 | B20: alice@example.com | E20: 1 | F20: 101 | H20: course_id | I20: course_name
A21: 2 | B21: bob@example.com | E21: 2 | F21: 101 | G21: 1:N (1 курс до багатьох студентів) | H21: 101 | I21: SQL Fundamentals
A22: 3 | B22: clara@example.com | E22: 3 | F22: 101 | H22: 102 | I22: Python Basics
E23: 1 | F23: 102
E24: 2 | F24: 102
C25: 1:N (1 студент до багатьох домашок) | E25: 3 | F25: 102
C26: FK | H26: 1:N (1 курс до багатьох занять/домашок)
C27: student_id --> Students
C28: homework_id --> Course_Classes | H28: FK --> course_id --> Courses
B29: Student_Homework | G29: Course_Classes
B30: student_id | C30: homework_id | D30: grade | G30: course_id | H30: class_date | I30: homework_id | J30: homework_description
B31: 1 | C31: 201 | D31: 85 | G31: 101 | H31: 45200 | I31: 201 | J31: Basic SELECT queries
B32: 2 | C32: 201 | D32: 90 | G32: 102 | H32: 45202 | I32: 202 | J32: Intro to Python
B33: 1 | C33: 202 | D33: 88.2 | G33: 102 | H33: 45202 | I33: 203 | J33: Variables and data types
B34: 3 | C34: 201 | D34: 92 | G34: 101 | H34: 45204 | I34: 204 | J34: JOIN operations
B35: 2 | C35: 203 | D35: 87
B36: 1 | C36: 204 | D36: 80
B37: 3 | C37: 202 | D37: 91
G38: 1:N (1 домашка до багатьох студентів)

Sheet 3NF
A1: student_id | B1: student_name | C1: student_email | D1: course_id | E1: course_name | F1: instructor_1_name | G1: instructor_1_email | H1: instructor_2_name | I1: instructor_2_email | J1: class_date | K1: homework_id | L1: homework_description | M1: grade
A2: 1 | B2: Alice Smith | C2: alice@example.com | D2: 101 | E2: SQL Fundamentals | F2: Mr. Johnson | G2: Johnson@example.com | H2: Ms. Bardugo | I2: Bardugo@example.com | J2: 45200 | K2: 201 | L2: Basic SELECT queries | M2: 85
A3: 2 | B3: Bob Brown | C3: bob@example.com | D3: 101 | E3: SQL Fundamentals | F3: Mr. Johnson | G3: Johnson@example.com | H3: Ms. Bardugo | I3: Bardugo@example.com | J3: 45200 | K3: 201 | L3: Basic SELECT queries | M3: 90
A4: 1 | B4: Alice Smith | C4: alice@example.com | D4: 102 | E4: Python Basics | F4: Ms. Lee | G4: Lee@example.com | J4: 45202 | K4: 202 | L4: Intro to Python | M4: 88.2
A5: 3 | B5: Clara Green | C5: clara@example.com | D5: 101 | E5: SQL Fundamentals | F5: Mr. Johnson | G5: Johnson@example.com | H5: Ms. Bardugo | I5: Bardugo@example.com | J5: 45200 | K5: 201 | L5: Basic SELECT queries | M5: 92
A6: 2 | B6: Bob Brown | C6: bob@example.com | D6: 102 | E6: Python Basics | F6: Ms. Lee | G6: Lee@example.com | J6: 45202 | K6: 203 | L6: Variables and data types | M6: 87
A7: 1 | B7: Alice Smith | C7: alice@example.com | D7: 101 | E7: SQL Fundamentals | F7: Mr. Johnson | G7: Johnson@example.com | H7: Ms. Bardugo | I7: Bardugo@example.com | J7: 45204 | K7: 204 | L7: JOIN operations | M7: 80
A8: 3 | B8: Clara Green | C8: clara@example.com | D8: 102 | E8: Python Basics | F8: Ms. Lee | G8: Lee@example.com | J8: 45202 | K8: 202 | L8: Intro to Python | M8: 91
D10: РК
G11: FK --> course_id --> Courses
A12: Один студент має багато email | C12: Students | G12: Course_Instructors | K12: Instructors
A13: 1:N | C13: student_id | D13: student_name | G13: course_id | H13: instructor_id | K13: instructor_id | L13: instructor_name | M13: instructor_email
C14: 1 | D14: Alice Smith | G14: 101 | H14: 1 | K14: 1 | L14: Mr. Johnson | M14: Johnson@example.com
C15: 2 | D15: Bob Brown | E15: FK | G15: 101 | H15: 2 | K15: 2 | L15: Ms. Bardugo | M15: Bardugo@example.com
A16: FK --> student_id --> Students | C16: 3 | D16: Clara Green | E16: student_id --> Students | G16: 102 | H16: 3 | K16: 3 | L16: Ms. Lee | M16: Lee@example.com
A17: у студента може бути кілька email | D17: 1:N | E17: course_id --> Courses | G17: (M:N) Courses — Course_Instructors — Instructors
A18: Student_Emails | E18: Student_Courses | F18: M:N Students — Student_Courses — Courses | K18: Виніс інформацію про інструктора в окрему таблицю, щоб усунути його залежність від курса
A19: student_id | B19: student_email | E19: student_id | F19: course_id | H19: Courses | K19: тепер інформація про імя та емейл інструктора залежить від його ID
A20: 1 | B20: alice@example.com | E20: 1 | F20: 101 | H20: course_id | I20: course_name | K20: і відповідно додав окрему звязуючу таблицю для курс ID та інструктор ID
A21: 2 | B21: bob@example.com | E21: 2 | F21: 101 | G21: 1:N (1 курс до багатьох студентів) | H21: 101 | I21: SQL Fundamentals | K21: , яка реалізує звязок багато-до-багатьох між курсами та викладачами
A22: 3 | B22: clara@example.com | E22: 3 | F22: 101 | H22: 102 | I22: Python Basics | K22: Для домашок створив окрему таблицю, щоб опис домашки не залежав від курсу чи дати
E23: 1 | F23: 102 | K23: Course_Classes тепер не може задублювати описи домашок
E24: 2 | F24: 102 | K24: Транзитивні залежності усунені, усі неключові атрибути залежать тільки від первинного ключа
C25: 1:N (1 студент до багатьох домашок) | E25: 3 | F25: 102 | K25: і не залежать один від одного.
C26: FK | H26: 1:N (1 курс до багатьох занять/домашок)
C27: student_id --> Students
C28: homework_id --> Course_Classes | H28: FK --> course_id --> Courses | J28: (N :1) багато занять можуть мати однаковий опис домашки
B29: Student_Homework | G29: Course_Classes | I29: FK --> homework_id --> Homeworks | K29: Homeworks
B30: student_id | C30: homework_id | D30: grade | F30: class_id | G30: course_id | H30: class_date | I30: homework_id | K30: homework_id | L30: homework_description
B31: 1 | C31: 201 | D31: 85 | F31: 1 | G31: 101 | H31: 45200 | I31: 201 | K31: 201 | L31: Basic SELECT queries
B32: 2 | C32: 201 | D32: 90 | F32: 2 | G32: 102 | H32: 45202 | I32: 202 | K32: 202 | L32: Intro to Python
B33: 1 | C33: 202 | D33: 88.2 | F33: 2 | G33: 102 | H33: 45202 | I33: 203 | K33: 203 | L33: Variables and data types
B34: 3 | C34: 201 | D34: 92 | F34: 3 | G34: 101 | H34: 45204 | I34: 204 | K34: 204 | L34: JOIN operations
B35: 2 | C35: 203 | D35: 87
B36: 1 | C36: 204 | D36: 80
B37: 3 | C37: 202 | D37: 91
G38: 1:N (1 домашка до багатьох студентів)
E39: M:N Students — Student_Homework — Homeworks
